Train GT,Train preds,diff
307.65,310.84344,3.193451
309.0,308.39526,0.6047363
304.1,307.82785,3.7278442
300.05002,306.33643,6.2864075
300.4,303.67154,3.2715454
308.35,301.76718,6.5828247
313.15,303.7863,9.3637085
315.30002,308.2653,7.034729
314.5,312.8849,1.6151123
285.6,315.6229,30.022888
271.6,305.894,34.294006
279.15,290.9152,11.765198
281.9,282.18063,0.28063965
278.8,279.24527,0.44528198
276.9,278.16138,1.261383
280.1,277.5594,2.540619
275.94998,278.5769,2.6269226
276.25,278.40103,2.1510315
279.35,278.1263,1.2236938
290.2,279.02606,11.17395
291.95,283.87323,8.076782
293.6,289.01135,4.5886536
298.45,293.1562,5.2938232
292.7,297.3232,4.6231995
291.3,297.827,6.527008
288.0,296.39166,8.391663
293.95,293.5296,0.42041016
299.1,293.28918,5.8108215
299.5,295.80215,3.6978455
294.80002,298.49994,3.6999207
298.05,298.598,0.54800415
300.1,299.01428,1.0857239
311.9,300.08914,11.810852
316.35,305.41385,10.936157
307.65,311.9716,4.321594
314.4,313.25662,1.1433716
310.15,314.8439,4.6939087
312.2,314.20007,2.000061
310.85,313.75015,2.9001465
312.55,312.93262,0.3826294
302.0,312.89154,10.891541
316.05002,309.12497,6.925049
316.45,310.77002,5.6799927
320.40002,313.7553,6.6447144
312.90002,317.70175,4.8017273
307.90002,317.66574,9.765717
308.19998,314.40244,6.2024536
307.0,311.3149,4.314911
304.2,308.90732,4.707306
304.80002,306.5491,1.7490845
305.9,305.30545,0.59454346
304.5,305.31726,0.81726074
305.69998,305.26617,0.43380737
303.1,305.71628,2.616272
298.2,305.22733,7.027313
297.4,302.81543,5.415436
298.30002,300.3593,2.0592957
293.8,299.08688,5.2868958
296.35,297.0192,0.66918945
298.55002,296.40503,2.144989
297.0,297.30597,0.30596924
289.0,297.85965,8.85965
296.30002,295.23087,1.0691528
291.95,295.19278,3.2427673
287.5,294.37906,6.879059
294.4,292.04498,2.355011
284.7,292.55283,7.8528137
261.25,290.27496,29.024963
258.4,279.87903,21.479034
264.55,269.8658,5.3158264
266.65,265.2889,1.361084
267.95,264.5531,3.3969116
259.7,265.8072,6.1071777
260.25,264.66132,4.411316
266.2,263.51294,2.6870728
266.05,264.72858,1.3214111
264.6,266.22827,1.6282654
263.65,266.90823,3.2582397
260.65002,266.8328,6.18277
260.7,265.55362,4.853607
262.9,264.35016,1.4501648
257.0,264.26685,7.2668457
270.35,262.59525,7.7547607
273.45,265.46854,7.981476
276.3,269.80734,6.4926453
268.4,274.25882,5.8588257
258.35,274.54306,16.193054
272.05002,270.07626,1.9737549
285.2,270.20547,14.994537
273.5,276.11255,2.6125488
269.1,277.7805,8.680481
269.55,276.17337,6.6233826
266.15,274.20117,8.051178
267.1,271.54623,4.446228
264.95,269.87543,4.925415
264.85,268.31824,3.4682312
262.0,267.30988,5.3098755
264.05002,265.87384,1.823822
263.25,265.50504,2.2550354
263.05002,265.32086,2.2708435
265.4,265.22852,0.17147827
265.8,266.00385,0.20385742
262.80002,266.93155,4.131531
265.05002,266.6188,1.5687866
264.7,266.8085,2.10849
267.45,266.941,0.5090027
271.55002,267.9434,3.6066284
276.15,270.26553,5.8844604
280.94998,273.822,7.1279907
308.65002,278.28397,30.366058
305.69998,291.7283,13.97168
299.85,302.4935,2.6434937
301.6,306.40164,4.8016357
298.0,307.12683,9.126831
298.45,304.93216,6.482147
297.5,302.54706,5.047058
297.65002,300.45004,2.8000183
295.0,299.17096,4.1709595
302.1,297.60703,4.492981
313.8,299.12207,14.6779175
320.40002,305.52545,14.874573
322.65,313.9179,8.732086
322.0,320.91095,1.0890503
316.9,324.57944,7.6794434
306.80002,323.65753,16.857513
318.05,317.5353,0.51467896
328.45,316.04276,12.407257
323.15,320.5398,2.610199
324.6,323.40808,1.191925
323.4,325.26514,1.8651428
328.4,325.5906,2.8093872
325.49997,327.16757,1.6676025
320.65,327.41748,6.7674866
316.9,325.21933,8.319336
316.94998,321.52975,4.579773
318.75,318.68304,0.06695557
316.1,317.839,1.7389832
315.2,316.99744,1.7974243
314.7,316.17435,1.4743347
310.30002,315.50668,5.206665
317.35,313.5036,3.846405
323.19998,314.49066,8.70932
316.94998,318.3942,1.4442139
321.55002,319.50858,2.0414429
316.1,321.07553,4.975525
322.80002,320.08865,2.7113647
327.35,321.15353,6.196472
337.65,324.246,13.403992
334.1,330.9369,3.1631165
339.25,334.999,4.251007
343.40002,338.62326,4.776764
343.55,342.2796,1.2703857
352.0,344.53702,7.462982
350.1,348.6835,1.4165039
348.8,351.089,2.2890015
356.45,351.357,5.0930176
356.2,353.6679,2.5321045
347.55,355.66504,8.115051
358.85,353.33612,5.5138855
365.94998,354.69064,11.259338
365.55,359.62122,5.928772
362.75003,363.81213,1.0621033
355.5,365.007,9.506989
368.15,361.76285,6.387146
373.15,363.0049,10.145081
373.25,367.35123,5.898773
363.4,371.20923,7.8092346
366.30002,369.54614,3.2461243
365.1,367.54907,2.4490662
359.85,365.68472,5.834717
353.65,362.5087,8.858704
352.1,357.629,5.5289917
354.85,353.37735,1.4726562
352.9,352.06198,0.8380127
342.85,351.5995,8.749481
339.05002,347.76648,8.716461
347.6,342.76675,4.833252
345.05,342.60895,2.44104
333.65,343.3019,9.6519165
327.25,339.6754,12.425415
327.2,333.49338,6.2933655
321.25,328.7595,7.509491
337.1,324.06195,13.038055
333.45,327.28674,6.163269
337.2,330.74387,6.4561462
328.8,334.60867,5.8086853
321.94998,333.9362,11.986206
330.65,329.3105,1.339508
325.65,328.3651,2.7151184
335.30002,327.07907,8.220947
329.25,329.9262,0.6762085
328.4,330.81113,2.4111328
326.15,330.39847,4.248474
329.5,328.81174,0.68826294
328.05,328.696,0.6460266
334.55002,328.56143,5.9885864
327.05,331.01218,3.9621887
316.75003,330.5346,13.784576
305.55002,325.28308,19.733063
309.65,316.15524,6.505249
313.45,310.62158,2.8284302
324.94998,309.7041,15.24588
328.45,315.1444,13.305603
336.95,322.30807,14.641937
329.15002,330.9508,1.8007812
331.8,333.86026,2.0602722
335.0,334.6806,0.31939697
333.8,335.5906,1.7906189
338.69998,335.616,3.0839844
360.15002,337.1542,22.99582
350.55,347.0704,3.4795837
346.09998,352.4045,6.304535
345.6,352.2654,6.6654053
345.35,349.90375,4.5537415
348.85,347.4378,1.4122009
347.65,347.15768,0.49230957
338.45,347.25308,8.80307
331.0,343.841,12.841003
332.05002,337.59418,5.544159
335.15,333.1122,2.0377808
339.7,332.13947,7.560547
344.3,334.5936,9.70639
335.0,339.24005,4.2400513
332.85,339.34436,6.4943542
343.25,337.01447,6.2355347
343.30002,338.74185,4.5581665
348.59998,341.26367,7.3363037
341.9,345.22247,3.3224792
342.34998,345.5478,3.197815
354.0,344.60712,9.392883
357.45,348.09592,9.354095
358.80002,353.19122,5.608795
359.35,357.45123,1.8987732
356.40002,359.95908,3.5590515
349.0,359.64877,10.648773
353.2,355.4631,2.263092
338.50003,353.02676,14.526733
339.1,346.38675,7.286743
338.45,340.98334,2.5333252
349.1,337.8075,11.292511
346.65,340.81827,5.831726
343.75,344.02997,0.27996826
348.49997,345.06396,3.4360046
344.4,346.84204,2.442047
344.45,346.6136,2.1635742
340.30002,345.77267,5.4726562
336.05002,343.3874,7.337372
333.1,339.68842,6.5884094
337.75,335.77066,1.9793396
325.65,335.05533,9.405334
327.25,331.0798,3.8298035
319.0,328.14386,9.14386
317.1,323.5381,6.43808
322.80002,319.42368,3.3763428
339.8,319.2117,20.588287
332.5,327.09653,5.403473
333.85,332.15674,1.6932678
333.30002,334.98425,1.6842346
332.15002,335.7306,3.5805664
322.6,334.9639,12.363892
318.9,330.19797,11.297974
327.35,324.38055,2.969452
329.15002,323.54077,5.609253
328.4,325.4165,2.98349
339.84998,327.31992,12.53006
331.35,333.0739,1.7239075
330.7,334.72195,4.021942
330.5,334.08374,3.5837402
328.19998,332.75418,4.554199
324.4,330.741,6.3410034
329.75,327.7456,2.0043945
331.3,327.571,3.7289734
337.6,329.03806,8.561951
330.15,333.03525,2.885254
326.94998,333.54218,6.5921936
324.44998,331.42102,6.971039
334.84998,328.18747,6.662506
332.5,329.76505,2.7349548
329.5,331.50806,2.0080566
322.55,331.52924,8.979248
321.75003,328.26343,6.513397
314.15002,324.7728,10.622772
320.45,319.59778,0.8522339
317.85,318.16916,0.31915283
318.65002,317.56244,1.0875854
316.9,317.84677,0.94677734
326.6,317.72324,8.87677
330.6,321.29642,9.303589
333.25,326.4287,6.821289
339.7,331.29907,8.40094
347.80002,336.80853,10.991486
360.6,343.6445,16.955505
359.4,353.40878,5.991211
357.4,359.9403,2.5403137
355.30002,361.87198,6.5719604
359.35,360.39322,1.0432129
360.25003,359.66028,0.5897522
353.30002,359.70807,6.4080505
357.0,357.219,0.21899414
361.9,356.13535,5.7646484
362.45,357.8642,4.5858154
367.45,360.18213,7.2678833
372.4,363.80624,8.59375
368.30002,368.47675,0.1767273
376.44998,370.13815,6.3118286
380.55002,373.19452,7.3554993
376.25,377.16113,0.9111328
375.44998,378.24426,2.794281
381.6,377.46155,4.1384583
385.15,378.59286,6.557129
386.75,381.34628,5.403717
380.05002,384.24823,4.1982117
383.7,383.5065,0.19351196
374.45,383.0226,8.572601
369.75,379.24796,9.497955
357.9,373.8029,15.902893
350.95,365.20203,14.252014
350.95,356.00702,5.057007
365.2,350.11365,15.086365
365.94998,353.2774,12.672577
366.2,358.97345,7.2265625
365.7,363.67102,2.0289917
367.74997,366.1021,1.6478577
371.2,367.60526,3.594757
370.7,369.5324,1.1676025
371.95,370.65762,1.2923889
365.80002,371.49945,5.6994324
373.85,369.47903,4.3709717
368.44998,370.24585,1.7958679
370.6,369.636,0.9640198
369.65,369.56033,0.089660645
367.3,369.3324,2.0324097
372.9,368.21625,4.6837463
371.45,369.37186,2.0781555
374.15,370.37634,3.7736511
381.6,371.99826,9.601746
381.15,376.13354,5.016449
378.44998,379.46436,1.0143738
380.0,380.1691,0.1690979
377.85,380.1844,2.334381
377.75,379.07272,1.3227234
376.55,377.8787,1.3287048
373.95,376.612,2.6619873
377.6,374.7733,2.8267212
379.30002,374.8178,4.4822083
376.75,376.22134,0.528656
369.65,376.63123,6.9812317
380.55002,373.77487,6.7751465
389.85,374.99265,14.857361
391.6,380.89743,10.702576
381.80002,387.0089,5.208893
382.15,387.12958,4.9795837
391.90002,385.03055,6.8694763
396.0,386.57834,9.421661
400.3,390.47223,9.827759
401.44998,395.38687,6.0631104
394.9,399.25534,4.3553467
383.44998,398.80923,15.359253
384.30002,392.51913,8.219116
382.25,386.55563,4.3056335
383.4,382.13553,1.2644653
398.0,380.38486,17.615143
398.15002,385.91663,12.233398
391.25,392.22723,0.9772339
386.90002,393.8824,6.982361
394.9,391.5082,3.3917847
396.55,391.50552,5.044464
392.95,393.0424,0.09237671
393.1,393.21158,0.111572266
398.44998,392.82034,5.6296387
395.35,394.36847,0.98153687
395.09998,394.91797,0.18200684
411.15002,394.7684,16.381622
432.65,400.4149,32.235107
424.6,414.04666,10.553345
429.55,422.78577,6.764221
430.8,428.19498,2.605011
437.25,430.87894,6.371063
441.35,433.7756,7.574402
432.40002,437.13553,4.735504
426.25,436.48013,10.230133
424.05002,432.26697,8.216949
415.8,427.24036,11.440369
408.35,420.66122,12.311218
407.25,412.99017,5.7401733
407.25,407.13525,0.114746094
406.85,404.1034,2.7466125
397.09998,403.15915,6.0591736
389.1,399.8017,10.701691
395.84998,393.76642,2.0835571
396.4,391.49722,4.902771
391.1,391.8109,0.710907
383.65,391.04575,7.395752
392.69998,387.36215,5.3378296
401.6,387.41174,14.188263
397.69998,392.30862,5.3913574
402.30002,395.78323,6.5167847
398.65,399.15317,0.5031738
405.05,399.88965,5.1603394
404.65,401.71414,2.935852
408.6,403.13492,5.465088
405.55002,405.3059,0.2441101
398.25,405.82834,7.5783386
401.65,402.7881,1.138092
399.5,400.6911,1.1911011
400.15,398.92593,1.22406
385.8,398.1595,12.359497
381.55,392.67746,11.127472
377.35,385.75473,8.404724
387.09998,379.26855,7.831421
385.8,379.14874,6.651245
386.85,381.0589,5.791107
391.4,383.47916,7.9208374
393.24997,386.9852,6.2647705
372.8,390.34164,17.541656
375.0,384.61154,9.611542
380.9,378.36072,2.5392761
387.6,376.53162,11.06839
379.25,379.65826,0.40826416
375.4,380.27356,4.8735657
378.0,378.23657,0.23657227
380.94998,376.98956,3.9604187
369.9,377.6757,7.775696
366.1,374.58023,8.480225
354.8,369.76337,14.963379
363.55,361.77228,1.77771
375.0,359.04086,15.959137
373.2,363.81018,9.389832
369.9,368.9181,0.9819031
383.65,370.988,12.661987
380.05002,376.53586,3.5141602
374.09998,379.89087,5.7908936
384.75,378.8233,5.926697
390.05002,380.553,9.497009
378.0,384.68768,6.687683
383.0,383.49905,0.49905396
383.0,382.59467,0.40533447
388.44998,382.1134,6.3365784
393.05002,384.03772,9.012299
391.95,387.8934,4.05661
391.80002,390.60062,1.1994019
394.55,391.7817,2.76828
384.45,392.96396,8.513947
393.4,389.8631,3.5368958
397.3,389.62286,7.677124
397.15,392.04242,5.1075745
395.25,394.5023,0.7477112
395.6,395.32925,0.27075195
405.19998,395.3437,9.856293
401.6,398.63797,2.9620361
401.6,400.63007,0.9699402
395.65002,401.35388,5.7038574
397.5,399.0894,1.589386
388.44998,397.1614,8.711426
378.7,392.66638,13.96637
364.8,385.11276,20.312775
378.7,373.87802,4.821991
375.15002,370.79367,4.3563538
387.5,370.6552,16.844788
373.7,376.54587,2.8458557
386.1,377.2159,8.884094
379.1,380.53052,1.4305115
390.6,380.94724,9.652771
390.5,384.54608,5.9539185
377.35,387.95596,10.605957
367.25,384.95926,17.709259
358.7,376.72888,18.02887
342.3,366.29245,23.992462
345.85,352.6894,6.839386
348.8,344.4686,4.3313904
336.65002,342.49734,5.8473206
336.55002,338.9304,2.380371
336.4,336.27786,0.12213135
323.25,335.0285,11.778503
341.5,329.80792,11.692078
335.2,332.3292,2.870819
330.65,334.23947,3.5894775
344.75003,333.57455,11.175476
343.1,337.81888,5.281128
343.69998,341.57938,2.1206055
340.95,344.0182,3.0681763
343.50003,343.95682,0.4567871
344.8,343.9796,0.82037354
358.65,344.47733,14.172668
346.35,350.37775,4.0277405
344.4,351.10617,6.7061768
330.55,348.9111,18.361115
330.90002,341.0721,10.172089
320.45,334.31293,13.862915
330.35,326.46558,3.88443
325.65,324.97406,0.67593384
326.45,324.4747,1.9753113
334.6,324.95084,9.64917
340.0,328.86108,11.138916
345.05,334.73874,10.311249
345.44998,341.196,4.2539673
340.75,345.60245,4.8524475
342.34998,345.70782,3.3578491
352.15002,344.77963,7.370392
356.65,347.58142,9.068573
359.3,352.3714,6.928589
374.59998,357.06726,17.532715
357.15002,365.9399,8.789886
365.7,366.02267,0.32266235
361.30002,366.09323,4.793213
385.84998,364.31427,21.535706
387.6,372.04535,15.554657
389.05,380.992,8.057983
378.75,387.48956,8.739563
354.0,386.5899,32.589905
350.1,373.6613,23.56128
349.94998,359.47855,9.528564
347.7,350.10342,2.4034119
342.34998,345.168,2.8180237
349.6,341.6942,7.905792
350.35,343.0003,7.349701
349.6,345.9753,3.6246948
358.90002,348.28937,10.610657
347.44998,353.26392,5.8139343
338.69998,352.8501,14.150116
342.6,347.25137,4.651367
340.95,343.405,2.4549866
343.25,340.96793,2.282074
350.2,340.85812,9.341888
346.3,344.38007,1.9199219
350.4,346.39166,4.0083313
349.4,348.7629,0.63708496
349.05002,349.97568,0.9256592
335.55,350.16458,14.6145935
329.65,344.6162,14.966217
338.85,336.84027,2.009735
339.1,334.72195,4.3780518
339.05002,335.4923,3.5577087
338.2,337.05185,1.1481628
331.65002,338.04794,6.3979187
327.55,335.9718,8.421814
325.2,332.04648,6.846466
322.75,328.0536,5.303589
332.85,324.6016,8.248413
323.9,326.53476,2.6347656
336.00003,326.2026,9.797424
328.85,330.00723,1.1572266
338.69998,331.0742,7.6257935
337.75,334.6931,3.0568848
332.15002,337.4653,5.315277
337.90002,336.6965,1.2035217
340.30002,337.1741,3.1259155
336.8,338.7899,1.9898987
330.1,338.79938,8.699371
329.75,335.60556,5.8555603
329.84998,332.32678,2.4768066
322.0,330.25592,8.25592
324.0,326.3646,2.3645935
323.5,324.09625,0.59625244
317.05,323.05826,6.0082703
322.30002,320.4203,1.8797302
321.45,320.2825,1.167511
323.65,320.7611,2.8888855
324.34998,322.19247,2.1575012
312.5,323.7395,11.239502
307.35,320.235,12.884979
313.00003,314.40945,1.4094238
308.3,312.03397,3.7339783
307.40002,309.89993,2.4999084
308.3,308.3545,0.054504395
310.50003,307.95374,2.5462952
317.95,308.96625,8.983765
315.0,312.9878,2.012207
311.75003,315.49442,3.7443848
316.05002,315.38074,0.669281
315.40002,316.04553,0.6455078
309.4,316.43066,7.03067
310.1,314.2793,4.179291
307.2,312.31033,5.110321
307.75,309.9912,2.241211
304.15,308.60553,4.455536
297.55002,306.69406,9.144043
298.7,302.89508,4.1950684
296.55,300.30423,3.754242
294.75,298.25595,3.505951
295.15,296.51245,1.3624573
282.1,295.6885,13.588501
297.8,290.80255,6.9974365
299.05,292.06036,6.989624
302.35,295.30502,7.044983
300.0,299.42554,0.5744629
302.25,301.5673,0.68270874
302.55,303.16095,0.6109619
300.85,304.07098,3.2209778
294.55002,303.7513,9.201294
287.2,300.76953,13.569519
297.30002,295.2981,2.0019226
301.5,294.5777,6.9223022
304.25,297.14954,7.100464
304.05,301.01102,3.038971
308.75,303.93637,4.813629
307.30002,307.31863,0.018615723
305.95,309.0624,3.1123962
311.7,309.08963,2.610382
309.2,310.6453,1.445282
314.95,311.12946,3.8205566
310.35,313.24017,2.8901672
311.65002,313.32758,1.6775513
310.9,313.1832,2.2832031
308.85,312.67783,3.8278198
306.0,311.43304,5.4330444
304.85,309.30478,4.454773
303.6,307.21423,3.6142273
305.05,305.4212,0.37121582
310.2,304.92728,5.2727356
318.69998,307.00046,11.699524
326.94998,312.4799,14.470093
324.1,320.4173,3.6827087
321.3,325.22867,3.9286804
316.75003,326.06842,9.31839
321.4,323.37247,1.9724731
315.75,322.13458,6.3845825
306.3,319.5865,13.286499
307.95,313.9419,5.9918823
319.55,309.93777,9.612213
324.15002,312.27948,11.870544
324.6,317.75543,6.844574
316.55002,322.61063,6.060608
314.65,322.4045,7.7545166
304.25,319.81595,15.5659485
308.55002,313.39407,4.844055
300.7,309.62323,8.923218
300.5,305.1411,4.6411133
307.45,302.02515,5.4248657
309.15002,303.08206,6.0679626
300.05002,305.8601,5.810089
297.5,304.9133,7.4132996
298.25,302.22482,3.974823
296.5,300.20004,3.7000427
296.2,298.4651,2.2650757
293.8,297.35983,3.559845
274.35,296.00443,21.654419
256.75,288.15552,31.405518
255.6,275.29266,19.692657
260.05002,265.1166,5.0665894
260.8,260.531,0.26898193
260.0,259.4183,0.58169556
262.3,259.6296,2.6703796
258.55,261.10513,2.5551453
248.65,261.36353,12.7135315
249.0,258.08798,9.087982
247.95001,255.04694,7.096924
249.15001,252.68999,3.539978
248.8,251.68314,2.883133
242.3,251.31012,9.010117
242.85,249.27745,6.4274445
247.8,247.66708,0.13291931
246.85,248.20033,1.3503265
249.75002,248.88998,0.8600311
257.85,250.3862,7.463806
252.1,254.25258,2.1525726
256.0,255.73611,0.2638855
254.70001,257.38342,2.6834106
261.05,258.06134,2.9886475
261.6,260.29172,1.3082886
260.75,262.3869,1.6369019
253.55002,263.48227,9.932251
255.1,261.5345,6.4344788
264.75,259.8185,4.931488
268.19998,261.7918,6.4081726
268.25,265.3527,2.8973083
279.25,268.3166,10.933411
279.0,273.97028,5.029724
275.6,278.46692,2.8669128
265.2,279.89825,14.698242
261.4,276.2279,14.827911
265.45,270.92407,5.47406
265.05002,268.1426,3.0925903
265.30002,266.83206,1.5320435
269.75,266.519,3.2309875
265.75,268.1562,2.406189
270.45,268.5289,1.9211121
265.30002,270.06076,4.760742
262.05,269.67075,7.620758
267.3,267.7802,0.4802246
260.35,267.79968,7.4496765
264.05002,266.0188,1.9687805
267.65,265.57104,2.078949
270.55002,266.8422,3.7078247
265.9,269.22354,3.3235474
267.1,269.61215,2.512146
271.90002,269.7161,2.1839294
271.2,271.29153,0.09152222
269.65,272.52423,2.874237
266.65,272.72473,6.0747375
269.8,271.5098,1.7098083
270.2,271.3156,1.1156006
269.65,271.58508,1.9350891
281.15,271.72495,9.425049
274.95,275.76556,0.81555176
273.5,277.47592,3.9759216
273.75,277.45612,3.7061157
271.1,276.95105,5.8510437
277.05002,275.49838,1.5516357
275.80002,276.27112,0.47109985
280.0,276.99493,3.005066
283.0,278.96246,4.0375366
290.3,281.71094,8.58905
301.4,286.4141,14.985901
309.5,294.24323,15.256775
309.0,303.4867,5.5133057
307.40002,309.74258,2.3425598
307.80002,312.04276,4.242737
305.45,312.16003,6.710022
310.25,310.42996,0.17996216
326.7,310.37646,16.323547
330.35,317.09906,13.250946
337.0,325.12006,11.879944
331.15,333.2982,2.1481934
332.44998,336.0967,3.6467285
330.40002,336.34772,5.947693
324.7,334.64682,9.946808
322.44998,330.5695,8.119507
317.90002,326.2405,8.340485
314.2,321.6433,7.4432983
311.9,317.25012,5.350128
317.80002,313.70175,4.0982666
312.45,314.013,1.5629883
300.55,313.5549,13.004913
313.4,308.65707,4.74292
316.05002,308.93564,7.11438
316.9,311.85443,5.0455627
307.35,315.04236,7.6923523
308.6,313.5824,4.9823914
317.40002,311.60123,5.7987976
318.65002,313.4502,5.199829
319.05002,316.39114,2.6588745
317.1,318.82312,1.723114
322.1,319.44202,2.6579895
321.05002,321.11444,0.06442261
328.0,322.07718,5.922821
327.0,325.10886,1.8911438
326.8,327.30408,0.50408936
330.30002,328.2942,2.0058289
333.75,329.80966,3.9403381
330.05,332.236,2.1860046
325.2,332.58713,7.3871155
328.69998,330.16486,1.4648743
345.2,328.9865,16.213501
342.9,335.07773,7.8222656
353.5,340.56516,12.934845
348.85,348.01288,0.8371277
355.55,351.45535,4.094635
351.65,354.72403,3.0740356
367.35,355.0378,12.312195
361.9,360.2411,1.658905
360.5,363.00793,2.5079346
357.35,363.19662,5.8466187
349.5,361.04633,11.546326
344.6,355.7272,11.127197
339.6,349.3237,9.723694
329.4,343.0015,13.601501
331.05002,335.19696,4.146942
324.75,330.4936,5.7435913
326.6,326.2875,0.3125
320.1,324.64865,4.548645
321.8,322.1291,0.32910156
316.2,321.0246,4.824585
322.30002,318.76562,3.5343933
325.95,319.37335,6.57666
311.7,322.20547,10.505463
316.65002,319.35825,2.7082214
313.7,317.5893,3.8892822
307.55,315.68442,8.13443
304.0,312.14224,8.142242
296.2,308.0566,11.856598
309.65,302.42813,7.221863
307.0,303.3172,3.6828003
311.80002,305.0858,6.7142334
321.75003,308.47485,13.275177
322.90002,315.0906,7.8094177
311.1,320.91623,9.816223
316.05002,319.7838,3.7337952
322.1,318.55615,3.5438538
320.45,319.93478,0.5152283
320.25,320.99908,0.7490845
322.90002,321.4668,1.4332275
321.35,322.54428,1.1942749
314.55,322.80148,8.251495
317.30002,320.05893,2.7589111
314.6,318.33698,3.736969
310.30002,316.52777,6.2277527
307.50003,313.73886,6.2388306
293.4,310.6102,17.210205
280.05,303.33002,23.28003
297.9,292.68076,5.2192383
294.05,291.09552,2.9544678
288.6,291.58017,2.9801636
296.9,290.804,6.0960083
291.75,293.0532,1.3031921
293.65002,293.66565,0.015625
291.80002,294.33316,2.533142
280.80002,294.11694,13.316925
273.6,289.75214,16.15213
270.25,283.1387,12.888702
280.6,276.97552,3.6244812
277.0,276.57785,0.42214966
281.65,276.87573,4.7742615
275.2,279.07748,3.877472
273.5,278.9368,5.436798
279.65002,277.62195,2.0280762
285.0,278.5239,6.4761047
286.05002,281.68527,4.364746
299.65,284.90652,14.743469
300.75,292.07254,8.67746
299.45,298.46616,0.9838562
303.85,301.8919,1.9580994
318.45,304.69803,13.751984
318.19998,311.73428,6.4656982
318.75,317.4711,1.2789001
316.75003,320.82037,4.070343
317.7,321.20956,3.509552
320.50003,320.66324,0.16320801
331.19998,320.93564,10.264343
324.2,325.43854,1.2385254
325.0,326.95886,1.9588623
324.24997,327.17764,2.9276733
325.45,326.5016,1.0515747
311.75003,326.17535,14.4253235
317.25,320.80374,3.5537415
322.65,317.7898,4.860199
321.5,318.69263,2.807373
315.55002,320.19852,4.6484985
307.80002,319.14267,11.342651
304.44998,314.71573,10.265747
312.05,309.55307,2.4969177
300.25,308.8515,8.601501
298.5,305.49844,6.9984436
309.15002,301.9524,7.197632
314.80002,303.58408,11.215942
315.0,308.54886,6.4511414
315.40002,313.0586,2.3414307
301.94998,316.01236,14.062378
303.4,312.23822,8.838226
304.2,308.1326,3.9325867
302.45,305.6009,3.150879
295.1,303.82254,8.722534
288.30002,300.24814,11.94812
283.75,294.9627,11.2127075
278.7,289.42932,10.729309
277.75,284.03375,6.2837524
287.7,280.29022,7.40979
289.45,281.89032,7.5596924
296.0,285.36163,10.638367
291.95,290.8102,1.139801
299.55002,293.61838,5.9316406
288.8,297.46317,8.6631775
291.95,296.25928,4.309265
283.45,294.99542,11.54541
295.3,290.98093,4.3190613
277.7,291.73178,14.031769
280.75,287.35934,6.6093445
291.75,284.09006,7.6599426
296.15002,286.1342,10.015839
302.85,290.81226,12.03775
294.55002,297.35086,2.8008423
301.15002,299.17065,1.9793701
295.85,301.28632,5.43631
293.6,300.6626,7.0625916
291.65,298.49435,6.8443604
290.1,295.8087,5.708679
300.05002,293.29367,6.7563477
305.5,295.31744,10.182556
314.44998,300.1503,14.299683
321.1,307.7082,13.391815
316.05002,316.13214,0.0821228
323.65,319.82996,3.8200378
329.84998,323.43515,6.4148254
336.09998,327.94147,8.158508
330.1,333.42545,3.3254395
337.4,334.72266,2.6773376
337.1,336.8075,0.292511
337.2,338.12585,0.9258423
334.0,338.62042,4.6204224
321.1,337.2994,16.199402
344.5,330.7922,13.707794
343.25,333.91266,9.337341
345.25,338.74124,6.5087585
336.35,343.22195,6.8719482
322.90002,342.3906,19.49057
326.25,334.7677,8.5177
337.30002,328.8966,8.403412
341.8,330.02292,11.777069
346.4,334.97153,11.428467
343.30002,341.33524,1.9647827
335.65,344.64072,8.990723
317.6,342.60367,25.003662
318.45,332.45895,14.008942
298.75,323.63467,24.884674
313.00003,311.21,1.7900391
308.95,307.43906,1.5109558
307.05,306.41464,0.63534546
293.9,306.1621,12.2621155
287.8,301.55667,13.756683
299.35,295.1561,4.1939087
299.1,294.66583,4.4341736
300.3,296.21326,4.086731
285.0,298.48453,13.484528
297.2,294.68286,2.5171509
296.2,294.78937,1.4106445
313.75,295.6894,18.060608
338.35,303.17194,35.17807
335.1,319.95016,15.149841
328.59998,332.7617,4.1617126
325.75,336.81546,11.06546
335.75,334.93704,0.81295776
337.30002,335.33008,1.9699402
337.6,336.76007,0.8399353
354.3,338.0075,16.29248
344.19998,345.21332,1.0133362
335.15,347.76288,12.6128845
330.30002,344.0854,13.78537
336.00003,337.6311,1.631073
334.75003,334.75354,0.0035095215
325.30002,333.6833,8.38327
318.65002,330.0202,11.370178
322.6,324.34006,1.7400513
324.3,321.61896,2.6810303
328.35,321.60504,6.7449646
323.25,324.18384,0.9338379
332.1,324.82397,7.2760315
334.15002,328.07498,6.0750427
332.90002,331.85132,1.048706
334.55002,333.93756,0.6124573
333.1,335.2786,2.1785889
339.1,335.237,3.8630066
348.65,337.02002,11.629974
356.75,342.49088,14.259125
352.94998,350.41367,2.536316
352.15002,354.67773,2.52771
347.85,355.60693,7.7569275
349.65002,353.17914,3.5291138
343.50003,351.06186,7.5618286
339.4,347.37817,7.97818
341.19998,342.891,1.6910095
360.0,340.48944,19.51056
367.1,347.12283,19.977173
367.19998,357.40875,9.791229
365.3,365.2278,0.07217407
359.6,368.39792,8.797913
355.6,366.34064,10.740631
348.25,361.4837,13.233704
344.0,354.50082,10.500824
341.00003,347.68845,6.6884155
337.75,342.33517,4.5851746
332.5,338.29254,5.7925415
339.9,334.2789,5.6210938
345.25,334.73956,10.510437
351.6,338.80704,12.792969
344.4,345.27255,0.8725586
338.65,347.3988,8.74881
335.90002,344.94073,9.04071
336.15,340.681,4.531006
327.05,337.44543,10.395447
321.9,332.2528,10.352814
323.6,326.3789,2.7789001
327.0,323.13074,3.8692627
332.6,323.3372,9.262817
331.0,326.92722,4.0727844
332.25003,329.8535,2.3965454
335.35,332.03683,3.3131714
332.4,334.38153,1.9815369
336.35,334.74014,1.6098633
335.25,335.78635,0.53634644
328.1,336.20416,8.1041565
323.6,333.43216,9.832153
320.85,328.82935,7.9793396
313.35,324.23517,10.885162
327.35,318.5073,8.842712
327.75,319.85425,7.895752
323.55002,323.33707,0.21295166
327.90002,324.77383,3.1261902
328.25,326.73517,1.5148315
325.65,328.29584,2.6458435
329.55,328.13065,1.419342
329.2,328.92365,0.2763672
329.65,329.58182,0.06817627
330.25,330.10645,0.14355469
337.75,330.60013,7.149872
328.69998,333.80807,5.1080933
329.35,333.2122,3.8621826
329.35,331.76337,2.4133606
331.7,330.5122,1.1878052
332.4,330.6852,1.7147827
329.6,331.55606,1.9560547
330.55,331.26636,0.7163696
331.0,331.05774,0.057739258
327.95,331.12424,3.1742249
331.5,330.07993,1.4200745
315.55002,330.4203,14.87027
310.9,324.96765,14.067657
308.55002,317.85968,9.309662
304.90002,311.9326,7.0325623
309.75,307.23428,2.5157166
314.65,306.51385,8.136139
313.15,309.31732,3.832672
306.9,311.86462,4.96463
306.0,311.15002,5.1500244
301.90002,309.32288,7.4228516
308.65002,306.24985,2.400177
315.0,306.39157,8.608429
305.85,309.95148,4.101471
316.25,309.95462,6.2953796
314.30002,312.77792,1.5220947
315.1,314.74564,0.35437012
315.55002,316.03058,0.4805603
307.0,316.7552,9.755188
304.6,313.73718,9.1371765
307.95,309.65265,1.7026367
302.9,307.89447,4.9944763
305.4,305.63925,0.23925781
304.65,305.0085,0.3585205
302.25,304.88602,2.6360168
302.55,304.13635,1.5863647
296.9,303.60547,6.705475
288.15,301.267,13.117004
282.8,296.03384,13.233856
287.1,289.868,2.7680054
288.2,287.09766,1.102356
287.6,286.7701,0.829895
286.65,287.22095,0.57095337
287.35,287.52948,0.17947388
282.75,288.01074,5.260742
285.85,286.77243,0.9224243
301.90002,286.56213,15.337891
305.15,292.57755,12.572449
303.05002,299.81244,3.2375793
300.15002,304.21375,4.0637207
300.9,305.00296,4.1029663
295.0,304.50104,9.501038
295.1,301.44763,6.3476257
299.7,298.622,1.0780029
295.5,298.48337,2.983368
292.44998,297.7005,5.250519
293.9,295.9145,2.0144958
293.95,294.97656,1.0265503
294.85,294.66217,0.1878357
298.55002,295.0189,3.531128
310.69998,296.85825,13.841736
317.40002,303.11826,14.281769
317.75,311.26242,6.4875793
315.35,317.31033,1.9603271
325.85,319.4726,6.377411
320.69998,323.46988,2.7698975
316.2,324.46808,8.268066
317.44998,322.2397,4.7897034
320.1,320.09732,0.0026855469
319.75,319.68436,0.06564331
322.25,319.8324,2.4176025
325.25,321.07495,4.175049
323.69998,323.39642,0.30355835
325.55,324.64017,0.90982056
334.80002,325.7707,9.029327
335.25,330.0238,5.2261963
338.8,333.9415,4.85849
341.69998,337.66086,4.0391235
337.65,341.00174,3.3517456
335.0,341.28537,6.28537
328.05,339.26657,11.216583
325.59998,334.42273,8.822754
320.30002,329.41763,9.117615
314.90002,324.1706,9.270569
311.0,318.7617,7.761688
308.0,313.8754,5.8753967
309.44998,309.90073,0.45074463
317.55,308.30276,9.247223
319.2,311.23407,7.9659424
323.19998,315.39624,7.8037415
321.4,320.14713,1.2528687
330.75,322.7169,8.033112
338.2,327.23846,10.961548
347.55,333.6484,13.901581
339.3,342.00833,2.7083435
332.6,344.56158,11.961578
343.65,341.34882,2.301178
339.5,341.47604,1.9760437
335.90002,340.9886,5.088562
341.6,339.00436,2.595642
337.55,339.41025,1.86026
344.1,338.898,5.201996
361.59998,340.8229,20.77707
360.2,349.8168,10.383209
353.9,357.4311,3.5310974
355.2,359.14468,3.9446716
355.90002,358.48926,2.5892334
356.40002,357.3955,0.9954834
361.55,356.668,4.8819885
355.34998,358.30258,2.9526062
342.0,357.707,15.707001
333.30002,351.29974,17.999725
332.65,341.87006,9.220062
338.25,334.68848,3.5615234
340.25,333.1696,7.080414
338.15,335.06827,3.081726
338.75,336.77332,1.9766846
341.55002,338.12326,3.4267578
340.95,340.0076,0.94241333
337.0,341.17316,4.1731567
338.45,340.1112,1.6611938
331.7,339.2162,7.5161743
336.9,336.06882,0.83117676
335.5,335.32535,0.1746521
338.15,335.15002,2.9999695
336.95,336.30255,0.64746094
339.25,337.04532,2.2046814
344.45,338.28958,6.160431
340.55,341.2929,0.7429199
341.5,342.25854,0.7585449
334.05002,342.50098,8.450958
335.5,339.4519,3.9519043
332.1,336.92792,4.8279114
334.55002,334.18774,0.36227417
336.19998,333.35205,2.847931
336.6,334.15448,2.4455261
336.25,335.4304,0.8196106
337.2,336.29916,0.9008484
354.15,337.09442,17.055573
354.35,344.25278,10.097229
354.6,351.08337,3.516632
354.8,355.30328,0.5032959
353.95,356.9806,3.0305786
373.15,356.6661,16.483887
372.9,363.20425,9.69574
380.05002,369.59424,10.45578
376.9,376.22095,0.67904663
374.75,379.09824,4.348236
367.65002,378.5518,10.901764
365.80002,374.08603,8.286011
374.0,369.03207,4.967926
376.44998,368.78662,7.6633606
369.95,371.36182,1.4118042
368.6,371.48657,2.8865662
365.2,370.13287,4.9328613
376.30002,367.43268,8.86734
377.15,369.58398,7.5660095
374.55002,373.07733,1.4726868
371.1,374.74573,3.6457214
365.1,373.7583,8.658295
369.09998,369.81342,0.71343994
369.6,367.79138,1.8086243
368.99997,367.44156,1.5584106
369.8,367.61795,2.1820374
375.80002,368.24954,7.550476
391.6,371.16968,20.430328
404.5,380.00412,24.49588
404.5,392.65192,11.8480835
401.1,401.89972,0.79971313
403.75003,405.0798,1.329773
406.1,405.67892,0.42108154
407.75,405.86905,1.8809509
406.05002,406.35742,0.30740356
414.0,406.0766,7.923401
411.55,408.44537,3.1046143
412.30002,410.06174,2.2382812
414.35,411.03253,3.3174744
415.9,412.13336,3.766632
414.95,413.4429,1.5071106
415.15,414.00934,1.1406555
406.5,414.1373,7.6372986
403.15002,410.9042,7.754181
406.25003,406.24017,0.009857178
405.05,403.82312,1.2268677
403.25,402.72708,0.5229187
405.19998,401.87555,3.3244324
403.19998,402.16446,1.0355225
403.4,402.07794,1.322052
399.7,401.9696,2.2695923
404.95,400.53967,4.4103394
392.3,401.0812,8.7812195
391.55,397.49652,5.946533
398.4,393.3166,5.0834045
388.15002,393.04614,4.896118
395.94998,390.54248,5.407501
401.7,391.05673,10.64328
410.65,394.75162,15.898376
409.44998,401.66336,7.786621
410.25,406.8138,3.4361877
414.55,409.68738,4.86261
407.69998,412.20395,4.5039673
405.09998,411.1769,6.076935
407.50003,408.12994,0.62991333
398.9,406.23215,7.3321533
395.74997,402.27472,6.5247498
384.55,397.72537,13.1753845
390.84998,390.39667,0.4533081
391.25,387.0615,4.188507
385.0,386.71048,1.7104797
387.3,385.29706,2.0029297
390.9,384.92926,5.9707336
388.34998,386.53613,1.8138428
393.2,387.3728,5.8272095
399.5,389.47968,10.020325
401.75,393.6976,8.052399
397.75,398.00198,0.25198364
401.55,399.23163,2.3183594
399.44998,400.21973,0.7697449
403.6,399.95456,3.6454468
393.34998,400.8121,7.4621277
385.4,397.94363,12.54364
382.3,391.64337,9.343384
377.8,385.13535,7.3353577
384.35,379.252,5.097992
378.4,378.33722,0.06277466
369.9,377.41675,7.516754
367.8,373.61594,5.8159485
369.75,369.4121,0.33789062
354.15,367.4679,13.317902
353.30002,361.1179,7.817871
343.30002,355.2779,11.977875
347.94998,348.0351,0.085113525
349.94998,344.9074,5.042572
350.05,345.30768,4.7423096
342.05002,346.98602,4.9360046
348.2,345.46997,2.7300415
343.1,345.87405,2.7740479
348.8,344.86093,3.9390564
355.2,346.00095,9.199066
353.1,350.0239,3.0761108
354.3,352.75995,1.5400391
351.19998,354.46973,3.2697449
349.75,353.91296,4.162964
352.7,352.14166,0.5583496
362.9,351.71667,11.183319
365.05002,355.92233,9.127686
356.95,361.063,4.112976
354.15,361.39847,7.248474
355.0,358.7203,3.7203064
361.15,356.24402,4.9059753
355.80002,357.15204,1.3520203
348.95,356.83923,7.889221
346.3,353.52362,7.223633
345.80002,349.34592,3.5458984
349.35,346.25323,3.0967712
342.85,346.12875,3.2787476
350.44998,344.62152,5.8284607
354.9,346.221,8.678986
368.99997,350.13104,18.868927
370.0,359.03607,10.963928
384.1,366.80032,17.299683
394.2,376.70883,17.49118
373.6,387.4733,13.873291
375.80002,386.43326,10.63324
373.7,382.01117,8.311157
359.3,377.05243,17.752441
371.55,368.11475,3.4352417
368.95,365.70502,3.244995
364.69998,365.62543,0.92544556
368.25,364.81708,3.4329224
356.1,365.478,9.377991
356.15,361.75412,5.604126
356.1,357.89273,1.7927246
352.7,355.4609,2.7608948
355.0,353.18958,1.8104248
361.35,352.78394,8.566071
352.0,355.75452,3.7545166
356.69998,355.21478,1.485199
349.35,355.48816,6.138153
347.3,353.09122,5.7912292
342.05002,349.85092,7.8009033
348.59998,345.4964,3.1035767
349.35,344.95416,4.3958435
355.2,346.30573,8.894287
356.25,350.18976,6.0602417
349.05002,353.98254,4.9325256
349.25,353.49585,4.2458496
351.25,351.71725,0.46725464
347.9,350.8962,2.9962158
343.45,349.39755,5.9475403
367.94998,346.47565,21.474335
389.55,353.76477,35.785217
397.8,370.61426,27.18573
400.25,387.77646,12.473541
388.4,399.33942,10.939423
386.55,399.8563,13.306305
382.25,395.1167,12.866699
381.95,388.34955,6.399536
380.25,383.0593,2.8092957
383.25003,379.55887,3.691162
393.84998,379.15158,14.698395
395.0,384.1441,10.855896
399.65,389.77246,9.877533
376.5,395.31482,18.81482
389.40002,390.01553,0.61550903
393.3,387.37646,5.923523
402.30002,388.24567,14.054352
400.8,393.51923,7.2807617
404.75,397.915,6.8349915
419.15,401.7947,17.355286
407.2,409.34933,2.1493225
411.94998,411.18658,0.7633972
425.69998,411.80795,13.892029
415.15,416.6886,1.5386047
418.0,417.68204,0.31796265
405.95,417.7353,11.785278
402.30002,413.05475,10.75473
398.3,406.7593,8.45932
399.40002,400.57748,1.1774597
399.85,397.0675,2.7825012
399.15,396.06335,3.0866394
391.0,396.16263,5.162628
400.75,393.62665,7.123352
387.35,394.71436,7.3643494
381.1,391.8092,10.709198
392.9,386.07623,6.823761
387.05,385.90582,1.144165
390.19998,385.74936,4.4506226
393.65,386.8746,6.7753906
397.95,389.41632,8.533691
396.2,393.20892,2.9910889
391.55,395.41934,3.8693542
382.55002,394.44717,11.897156
386.0,389.1929,3.1929016
391.99997,385.51965,6.480316
397.45,386.109,11.341003
398.0,390.1813,7.818695
400.55002,394.26968,6.2803345
396.44998,397.80624,1.3562622
394.9,398.2938,3.3937988
399.9,396.83487,3.0651245
400.55002,397.02258,3.5274353
408.75003,398.00546,10.744568
403.0,401.96033,1.0396729
425.59998,403.45895,22.141022
416.6,411.71954,4.8804626
418.1,416.33234,1.7676697
420.69998,418.3544,2.345581
416.4,419.57666,3.1766663
415.6,418.511,2.9109802
410.55002,416.58667,6.0366516
407.95,413.15216,5.2021484
415.05,409.34958,5.700409
410.55002,409.3287,1.2213135
414.80002,409.16794,5.63208
413.65002,410.54245,3.1075745
414.30002,411.62863,2.6713867
422.30002,412.4578,9.842224
426.45,415.7911,10.658905
434.0,420.40228,13.597717
424.5,426.5085,2.0085144
430.30002,427.7541,2.545929
424.94998,428.6392,3.689209
426.7,427.25287,0.55285645
417.95,426.0128,8.062775
413.9,422.17224,8.272247
420.05,417.12192,2.92807
424.44998,415.54294,8.907043
433.15,417.48218,15.667816
435.1,423.18076,11.9192505
433.09998,429.00937,4.0906067
431.84998,432.17484,0.32485962
430.30002,432.80093,2.5009155
433.9,431.7029,2.1970825
419.30002,431.531,12.230988
423.69998,426.72766,3.0276794
422.30002,423.1658,0.8657837
422.95,420.85428,2.0957336
424.65,420.0512,4.5987854
425.85,420.72415,5.1258545
429.44998,422.1755,7.274475
445.25,424.70215,20.547852
439.4,432.2385,7.161499
432.90002,437.15195,4.2519226
433.9,437.14706,3.2470703
417.95,435.543,17.592987
410.00003,428.3776,18.377563
417.65,418.47525,0.82525635
416.94998,413.57974,3.3702393
418.8,412.16818,6.6318054
418.9,413.28397,5.616028
413.25,415.04614,1.7961426
417.55,414.43198,3.1180115
414.99997,414.683,0.31695557
411.6,414.31662,2.7166138
410.19998,412.6148,2.4148254
404.85,410.48767,5.637665
398.7,407.00433,8.304321
384.8,401.96283,17.162842
395.09998,392.94528,2.1546936
390.19998,389.54062,0.6593628
385.55002,387.78275,2.232727
382.55002,385.5799,3.0298767
380.0,382.9364,2.9364014
369.55002,380.20316,10.653137
348.30002,374.50967,26.209656
348.35,361.73117,13.381165
339.19998,351.23346,12.033478
347.3,342.1197,5.180298
362.5,340.17206,22.327942
354.3,347.62927,6.6707153
345.4,352.63885,7.238861
343.25,351.53204,8.282043
346.75,347.87137,1.1213684
350.0,346.05997,3.940033
347.1,346.8733,0.22671509
347.75,347.20187,0.5481262
354.5,347.50925,6.990753
350.44998,350.35745,0.0925293
348.69998,351.46005,2.7600708
354.15,350.8334,3.3165894
351.0,351.9387,0.9386902
359.5,351.9945,7.505493
356.9,354.97754,1.9224548
352.3,356.85165,4.5516663
343.8,355.79028,11.990295
337.90002,350.72037,12.820343
332.95,343.82245,10.872437
327.6,336.967,9.367004
322.65,330.678,8.028015
337.85,325.1094,12.740601
339.45,327.77493,11.675079
346.25,333.0797,13.170288
348.85,340.20535,8.644653
342.65,346.43344,3.7834473
341.55002,347.55136,6.001343
347.6,345.938,1.6620178
349.5,346.24136,3.2586365
345.44998,347.78754,2.337555
346.3,347.55707,1.2570801
351.25,347.0723,4.177704
349.65002,348.58658,1.063446
363.7,349.59985,14.100159
361.85,355.5818,6.268219
371.49997,360.3569,11.143066
359.09998,366.66028,7.5603027
352.2,366.19827,13.9982605
352.65,360.6563,8.006317
358.30002,355.4503,2.8497314
355.4,354.48505,0.9149475
349.05002,354.27933,5.229309
350.15,351.963,1.8130188
347.65,350.21634,2.5663452
346.4,348.39157,1.9915771
336.55002,346.782,10.231995
339.19998,342.06607,2.8660889
335.25,339.0983,3.848297
331.65002,336.36746,4.7174377
331.9,333.41672,1.5167236
333.9,331.65298,2.2470093
335.75,331.80093,3.9490662
334.5,333.3561,1.1438904
333.95,334.4062,0.45617676
339.55002,334.72278,4.82724
341.35,336.8725,4.4775085
339.0,339.5748,0.5747986
341.55002,340.53622,1.013794
342.15002,341.5003,0.64971924
342.2,342.29898,0.098968506
334.35,342.72476,8.374756
322.75,339.75946,17.00946
322.90002,332.22943,9.329407
319.55,325.9913,6.4413147
321.3,321.2359,0.064086914
320.1,319.45743,0.6425781
317.85,318.96902,1.1190186
310.85,318.3526,7.502594
312.65,315.35843,2.708435
309.55,313.41797,3.867981
306.15002,311.40347,5.2534485
309.2,308.88504,0.31497192
320.35,308.3041,12.045898
322.4,312.85596,9.544037
319.05002,318.3773,0.6727295
320.9,321.00375,0.103759766
323.19998,322.3982,0.80178833
332.34998,323.68378,8.666199
338.45,327.9575,10.492523
331.75,334.03986,2.289856
335.25,335.80905,0.5590515
333.1,336.70776,3.6077576
340.40002,336.01257,4.387451
340.5,337.7899,2.7101135
326.8,339.74146,12.941467
323.45,335.64075,12.190735
322.2,329.65973,7.459717
322.35,324.74222,2.392212
323.85,322.06363,1.786377
321.15,321.75177,0.6017761
315.40002,321.40222,6.0021973
308.6,319.05737,10.457367
308.75,314.39954,5.649536
306.1,310.77573,4.67572
300.25,307.8512,7.6011963
310.30002,304.11456,6.1854553
309.6,305.2607,4.3392944
309.30002,307.41083,1.8891907
298.7,309.13312,10.433105
297.5,306.17395,8.67395
297.8,302.3476,4.5476074
291.4,299.68643,8.286438
289.90002,296.02286,6.1228333
296.6,292.84875,3.7512512
302.2,293.39847,8.801544
299.80002,297.07626,2.723755
304.25,299.6995,4.5505066
307.2,302.80338,4.396637
311.0,306.07602,4.9239807
312.25,309.66943,2.5805664
311.3,312.51913,1.2191467
308.7,313.6713,4.971283
324.55,312.77393,11.776062
318.9,317.49655,1.4034424
315.30002,320.15503,4.855011
319.55,319.7495,0.19952393
321.19998,320.01334,1.1866455
326.05002,320.96173,5.0882874
329.1,323.6332,5.466797
321.3,327.07416,5.77417
323.95,326.4533,2.503296
322.55,325.65836,3.108368
317.95,324.48706,6.5370483
315.50003,321.82446,6.3244324
320.69998,318.6898,2.0101929
326.35,318.51532,7.8346863
333.40002,321.5995,11.800537
329.25,327.4857,1.7643127
331.5,330.59668,0.9033203
334.6,332.47885,2.1211548
336.3,334.3855,1.9144897
337.25003,336.19095,1.059082
340.75,337.59595,3.1540527
342.9,339.64603,3.2539673
338.50003,341.94107,3.44104
340.75,341.68112,0.9311218
344.3,341.44458,2.8554077
353.65,342.64032,11.009674
350.90002,347.54855,3.351471
358.2,350.83072,7.369293
349.8,355.1437,5.3437195
354.5,354.82764,0.32763672
353.80002,354.73877,0.9387512
350.80002,354.41913,3.61911
335.44998,352.9115,17.461517
348.49997,345.54117,2.9588013
330.5,343.90112,13.401123
334.5,337.93225,3.432251
331.25,334.28998,3.039978
334.6,331.60446,2.9955444
348.25,331.6357,16.614288
350.1,338.04486,12.055145
351.25,345.16687,6.08313
359.4,350.3986,9.001404
356.65,356.1915,0.4584961
357.25,358.83365,1.5836487
353.1,359.47,6.369995
358.95,357.3985,1.5515137
360.4,357.32092,3.079071
373.05,358.49606,14.553925
372.7,364.61526,8.084747
363.6,370.065,6.4649963
357.8,369.6036,11.803619
368.35,364.81543,3.5345764
361.45,364.29153,2.8415222
354.4,362.8167,8.416718
359.09998,358.7847,0.3152771
366.8,357.1636,9.636383
368.85,360.07184,8.778168
358.90002,364.3861,5.486084
362.1,363.71356,1.6135559
354.9,362.719,7.8190002
353.45,359.16797,5.7179565
351.19998,355.4555,4.2555237
351.25,352.21115,0.9611511
344.8,350.3998,5.599823
341.95,347.3121,5.362091
345.85,343.8768,1.9732056
345.15,343.18262,1.9673767
351.65,343.5151,8.134888
352.84998,346.7149,6.135071
351.25,350.26855,0.9814453
355.90002,352.01477,3.885254
351.4,354.27927,2.8792725
363.25,354.07803,9.171967
366.2,357.68372,8.516296
358.15,362.43295,4.282959
348.75,362.5963,13.846313
349.15,357.29504,8.14505
352.65,352.11533,0.53466797
351.25,350.265,0.98498535
351.1,349.76968,1.3303223
342.4,349.92126,7.5212708
342.65,346.88892,4.238922
351.9,344.00278,7.897217
346.5,345.90082,0.5991821
357.0,346.7227,10.277313
364.5,351.03497,13.465027
362.19998,357.97134,4.2286377
363.05,362.33334,0.7166443
364.8,364.39618,0.4038086
355.85,365.44852,9.598511
351.15,362.156,11.006012
357.1,356.6175,0.48251343
356.2,354.6159,1.5841064
366.8,354.28943,12.510559
368.35,358.87433,9.4756775
373.34998,364.1627,9.187286
365.9,369.6934,3.793396
363.35,370.28812,6.9381104
355.05002,367.79443,12.744415
359.85,361.8255,1.9754944
363.30002,358.65454,4.6454773
363.7,359.03604,4.663971
366.95,360.7457,6.204315
378.90002,363.59857,15.301453
362.65002,370.50705,7.857025
364.3,369.95422,5.654236
363.4,367.46603,4.06604
367.84998,364.8208,3.0291748
367.35,364.82675,2.5232544
371.95,365.60004,6.3499756
369.85,368.15707,1.6929321
372.55002,369.58966,2.9603577
371.9,371.11392,0.7860718
362.05002,371.83347,9.783447
364.00003,368.13623,4.1362
357.8,364.92755,7.1275635
358.85,360.69446,1.8444519
366.25,358.09744,8.152557
364.00003,359.99713,4.002899
351.55002,361.9932,10.443176
349.45,358.44785,8.997833
346.45,353.43692,6.986908
346.35,348.64835,2.2983398
347.80002,345.74323,2.0567932
342.44998,345.22134,2.7713623
345.65,343.72556,1.9244385
353.15,343.77014,9.379852
351.4,347.35333,4.0466614
350.2,350.2266,0.02658081
353.75,351.32388,2.426117
352.6,352.75894,0.15893555
346.00003,353.29807,7.2980347
343.95,350.69656,6.7465515
342.6,347.11975,4.519745
331.85,343.99384,12.143829
331.65002,338.04562,6.3955994
310.85,333.2951,22.445099
318.9,322.88354,3.983551
321.5,317.5409,3.9591064
320.15,316.89645,3.25354
324.4,317.7172,6.6828003
322.1,320.5376,1.5624084
318.05,322.24084,4.190857
319.85,321.4639,1.6138916
322.7,320.8472,1.8528137
323.6,321.59732,2.0026855
324.15002,322.89,1.2600098
319.2,324.1165,4.9164734
321.84998,322.95697,1.1069946
327.0,322.42044,4.5795593
326.94998,324.25165,2.6983337
320.35,326.2015,5.8515015
314.80002,324.9274,10.12738
321.75003,320.89618,0.8538513
315.69998,320.03418,4.334198
314.0,318.22855,4.228546
318.69998,316.16342,2.53656
324.0,316.56995,7.4300537
321.7,319.73303,1.96698
322.30002,321.8479,0.45211792
319.44998,323.103,3.6530151
315.9,322.49207,6.5920715
306.75,320.0904,13.340393
305.4,314.48456,9.084564
301.3,309.35825,8.058258
306.65,304.7226,1.9273987
306.94998,303.93253,3.017456
309.1,304.86374,4.236267
309.75,306.95694,2.7930603
306.65,309.0204,2.3703918
311.80002,309.2153,2.5847168
317.7,310.68686,7.013153
323.09998,314.2877,8.812286
318.85,319.3978,0.5477905
318.69998,321.50378,2.8038025
317.44998,321.7193,4.2693176
309.6,320.64474,11.044739
308.95,316.4704,7.5203857
306.7,312.50232,5.802307
305.6,309.16183,3.5618286
304.90002,306.83807,1.9380493
301.0,305.4637,4.4637146
308.65002,303.50546,5.144562
301.4,304.97275,3.572754
302.65,304.37415,1.7241516
309.65,303.86612,5.7838745
297.15,306.20215,9.052155
303.75003,303.97733,0.22729492
299.5,303.56683,4.0668335
303.94998,302.26944,1.680542
300.55,302.82565,2.2756653
302.40002,302.52368,0.12365723
301.0,302.7727,1.7727051
318.8,302.59238,16.207611
324.85,309.07162,15.778381
324.6,317.862,6.7380066
318.19998,324.23102,6.0310364
318.6,324.8849,6.2848816
326.75,323.37842,3.371582
328.85,324.67972,4.170288
328.15,327.1737,0.97628784
332.44998,328.83548,3.614502
332.0,331.22125,0.77874756
329.15002,332.73846,3.58844
330.0,332.22952,2.2295227
322.6,331.4828,8.882782
318.45,328.02103,9.571014
310.25,323.3081,13.058105
305.5,316.80548,11.305481
302.55,310.35266,7.8026733
301.7,305.21524,3.5152283
292.25,302.11682,9.866821
295.55,297.44623,1.8962402
296.1,295.26007,0.8399353
299.6,294.91885,4.6811523
299.5,296.7015,2.7984924
303.0,298.62027,4.37973
305.65,301.30453,4.345459
311.0,304.3242,6.675812
304.44998,308.42755,3.9775696
313.9,308.91736,4.9826355
321.1,311.5915,9.508514
319.75,316.71738,3.0326233
317.95,320.2612,2.3111877
320.1,321.22852,1.1285095
322.75,321.70105,1.0489502
321.8,322.7532,0.95321655
320.2,323.1768,2.9767761
318.6,322.56277,3.9627686
318.5,321.161,2.6610107
313.9,319.93265,6.032654
317.1,317.4409,0.34088135
320.55,316.6545,3.8954773
319.65,318.0504,1.5995789
316.5,319.36804,2.868042
311.35,319.00763,7.6576233
323.75,316.26465,7.4853516
345.65,318.4437,27.206299
348.2,330.0969,18.103119
345.1,341.9082,3.191803
353.30002,348.13324,5.1667786
353.80002,353.14252,0.6575012
355.25,355.82703,0.57702637
353.15,357.04938,3.8993835
352.2,356.2882,4.088196
355.25,354.58966,0.66033936
357.55002,354.28683,3.2631836
358.05,355.4432,2.606781
368.95,356.8562,12.093811
365.3,362.09814,3.2018433
365.7,365.30545,0.39456177
369.5,366.67725,2.822754
375.35,368.2918,7.058197
362.84998,371.6216,8.771637
361.0,369.40457,8.404572
366.25,365.19077,1.0592346
355.7,363.83154,8.131531
365.15002,359.91873,5.2312927
362.75003,360.23007,2.5199585
356.85,361.05728,4.2072754
356.15,359.48987,3.3398743
361.50003,357.3943,4.1057434
361.1,358.01517,3.0848389
360.7,359.26605,1.43396
360.2,360.14233,0.057678223
364.9,360.36703,4.532959
361.1,362.1147,1.014679
363.2,362.269,0.93099976
360.65,362.59238,1.9423828
346.85,361.84363,14.993622
349.4,355.59732,6.1973267
349.9,350.69815,0.79815674
338.2,348.33505,10.13504
338.50003,343.26895,4.768921
340.5,339.32867,1.1713257
338.69998,338.10052,0.5994568
340.75,337.67606,3.073944
344.84998,338.58862,6.2613525
351.19998,341.3185,9.88147
350.05,346.23926,3.81073
341.8,349.673,7.8730164
344.5,348.0286,3.528595
341.8,346.2083,4.408325
344.7,343.9043,0.79571533
345.7,343.39993,2.3000793
350.2,344.10397,6.096039
350.80002,346.75327,4.046753
340.25,349.3515,9.101501
341.3,346.8167,5.5167236
338.8,343.8081,5.0081177
339.94998,340.76517,0.81518555
342.75,339.30078,3.4492188
342.80002,340.051,2.7490234
344.65002,341.36008,3.2899475
353.95,343.14404,10.805969
357.55002,348.11987,9.430145
357.9,353.80502,4.0949707
355.5,357.72275,2.2227478
347.6,358.51337,10.913361
346.35,354.69785,8.347839
346.00003,350.10028,4.1002502
344.75003,346.76443,2.0144043
351.3,344.63043,6.6695557
345.25,346.30353,1.0535278
372.74997,346.3762,26.37378
366.0,356.75793,9.242065
365.1,364.3217,0.7783203
364.15,367.62927,3.4792786
374.35,367.67087,6.679138
375.94998,370.39258,5.5574036
370.75,373.61752,2.8675232
372.74997,373.70047,0.9505005
372.55002,373.2765,0.72647095
371.9,372.688,0.7879944
368.35,371.96408,3.6140747
370.7,370.05377,0.64624023
373.6,369.3162,4.2838135
373.1,370.4209,2.6791077
370.7,371.6075,0.9075012
371.55,371.44913,0.100860596
366.9,371.1828,4.2828064
373.25,369.17285,4.0771484
372.4,369.7399,2.6600952
368.99997,370.72763,1.7276611
372.8,370.17874,2.6212463
367.7,370.74478,3.0447693
367.8,369.53262,1.7326355
365.2,368.155,2.9549866
363.2,366.22714,3.0271301
365.5,364.05286,1.4471436
365.3,363.5184,1.7815857
364.85,363.73587,1.1141357
367.5,363.99954,3.5004578
366.59998,365.24036,1.3596191
367.3,366.04016,1.2598267
366.2,366.65744,0.45742798
366.2,366.54468,0.34466553
371.45,366.1987,5.2513123
377.19998,367.93823,9.261749
382.45,372.03217,10.417847
379.69998,377.48685,2.2131348
382.05,380.29617,1.7538147
379.30002,381.92017,2.6201477
376.30002,381.38348,5.0834656
381.30002,379.02496,2.275055
385.9,378.7421,7.157898
405.69998,381.09283,24.607147
395.45,391.11462,4.335388
397.09998,396.35794,0.7420349
403.15002,398.4031,4.7469177
407.0,400.71097,6.289032
408.45,403.67172,4.77829
408.3,406.27875,2.0212402
421.25,407.68607,13.563934
419.80002,412.7897,7.010315
411.3,416.93222,5.6322327
420.05,416.11517,3.9348145
427.80002,416.74408,11.055939
426.25,420.4883,5.761688
416.05002,423.54517,7.4951477
413.3,421.61597,8.315979
418.94998,417.3618,1.5881958
417.05,415.7015,1.3484802
415.85,414.97366,0.8763428
424.2,414.40643,9.793579
420.9,417.09317,3.8068237
417.45,418.942,1.4919739
417.8,418.56836,0.7683716
416.05002,417.5836,1.5335693
416.24997,416.09445,0.15551758
414.55,414.99908,0.44909668
408.55002,413.83105,5.2810364
407.75,410.86667,3.1166687
416.34998,407.94675,8.403229
421.0,409.24905,11.750946
419.15,413.43878,5.711212
422.1,416.57678,5.523224
431.9,419.2399,12.660095
432.95,424.25772,8.692291
434.4,428.80515,5.5948486
428.09998,432.06494,3.9649658
429.0,431.5362,2.5361938
427.7,429.97083,2.270813
422.55,428.0777,5.52771
416.4,424.87292,8.472931
406.5,420.02908,13.529083
402.5,412.62125,10.121246
397.3,405.2962,7.996216
403.5,398.7058,4.7941895
402.95,397.1259,5.824127
405.19998,397.93506,7.264923
401.65,400.26004,1.3899536
398.9,401.05618,2.156189
396.0,399.9917,3.9916992
396.65,397.55112,0.90112305
394.8,395.73712,0.9371338
396.85,394.15347,2.6965332
400.09998,394.01996,6.080017
395.35,395.73267,0.3826599
389.75,395.75308,6.0030823
387.35,393.0086,5.6586
385.94998,389.31052,3.3605347
382.05,386.09778,4.0477905
389.45,382.79315,6.6568604
384.65,383.53506,1.1149292
377.15,383.74078,6.59079
377.69998,380.81592,3.1159363
382.3,378.03687,4.2631226
378.94998,378.16733,0.7826538
384.59998,378.0922,6.507782
403.55002,380.16925,23.380768
400.25,389.5768,10.673187
430.9,396.9633,33.936707
453.30002,412.12802,41.171997
465.95,432.29395,33.656067
461.95,450.93777,11.012238
473.75,461.34485,12.405151
497.35,468.81296,28.537048
502.05002,479.6464,22.403625
515.75,489.77597,25.97403
511.30002,500.06104,11.238983
485.30002,506.54196,21.241943
492.9,503.49222,10.592224
497.19998,499.11234,1.9123535
539.1,496.64563,42.454346
543.2,505.8992,37.30081
541.25,517.8341,23.415894
532.55005,526.96423,5.5858154
514.35004,531.03644,16.686401
495.3,528.49243,33.192444
504.25,519.45294,15.202942
503.44998,511.73102,8.281036
498.0,506.399,8.398987
498.15002,501.93765,3.7876282
486.75,498.89758,12.147583
489.9,494.2137,4.3137207
493.5,490.82312,2.67688
492.65002,489.88214,2.7678833
503.25003,489.94696,13.30307
499.1,493.15283,5.947174
496.35,495.67465,0.675354
496.80002,496.48022,0.3197937
498.0,496.51822,1.481781
492.0,496.59045,4.590454
495.75,495.1188,0.63119507
496.45,494.3613,2.0887146
484.15,494.31998,10.169983
484.3,491.3015,7.001526
490.65,487.8256,2.8244019
483.44998,486.89337,3.44339
514.7,485.29578,29.404236
525.14996,492.1495,33.000458
532.7,502.90393,29.796082
523.85,513.6923,10.157654
517.35,519.7122,2.3622437
520.3,520.9842,0.6842041
517.95,520.7868,2.836792
526.25,519.6514,6.598572
536.6,520.2545,16.345459
528.89996,523.66425,5.235718
524.1,525.7353,1.635315
528.55,525.6753,2.8746948
542.95,525.7173,17.232727
534.65,528.82605,5.8239746
531.35,530.7974,0.55255127
529.65,531.0888,1.4387817
527.9,530.30286,2.402832
516.55,528.92816,12.378174
518.2,525.22723,7.0272217
523.0,521.6895,1.3104858
540.0,520.1657,19.83429
516.35004,523.492,7.141968
509.8,522.92584,13.1258545
506.40002,519.19916,12.799133
514.75,514.2775,0.47247314
509.55002,512.0509,2.500885
504.50003,510.30017,5.8001404
497.25,507.86377,10.61377
499.9,503.91504,4.015045
495.0,500.97287,5.97287
497.9,497.97958,0.079589844
490.7,496.44327,5.7432556
492.1,494.03006,1.9300537
459.5,492.20575,32.70575
452.7,482.092,29.391998
440.59998,468.86273,28.262756
440.59998,454.23495,13.634979
439.85,443.25946,3.4094543
438.4,436.9742,1.4257812
422.35,434.14148,11.791473
440.2,428.1276,12.072418
439.15002,429.04987,10.100159
430.25,432.17252,1.9225159
429.80002,432.05832,2.2583008
422.5,430.5615,8.061493
424.4,426.54883,2.1488342
434.80002,423.57278,11.227234
428.95,425.70825,3.2417603
419.7,427.09848,7.398468
414.35,424.44427,10.094269
418.1,419.19107,1.0910645
419.65,416.08444,3.5655518
416.1,415.5057,0.5942993
425.55002,414.85147,10.698547
423.15,417.7816,5.368408
430.50003,420.2567,10.243317
428.55002,424.2691,4.2809143
427.75,426.82523,0.92477417
421.44998,427.64056,6.1905823
413.9,425.29538,11.395386
403.19998,419.8093,16.609314
401.30002,411.08566,9.785645
402.15,403.39145,1.2414551
421.55,399.17877,22.371216
426.3,405.06018,21.239807
422.6,414.44113,8.1588745
420.45,420.4423,0.0077209473
416.75,422.2661,5.5161133
399.65,420.55084,20.900848
400.4,411.89774,11.497742
418.19998,403.72202,14.477966
415.6,405.2171,10.382904
412.69998,409.00232,3.6976624
421.5,411.21075,10.289246
413.19998,415.20605,2.006073
398.7,415.53076,16.83075
395.09998,409.02655,13.926575
402.2,400.77835,1.4216614
395.05002,397.46436,2.4143372
393.9,394.63348,0.73349
384.95,392.58743,7.6374207
380.3,388.2507,7.950714
385.55002,382.90616,2.6438599
385.3,381.2306,4.069397
380.19998,381.55725,1.3572693
377.9,380.61923,2.7192383
376.65,378.71854,2.0685425
382.05,376.73627,5.3137207
384.25,377.596,6.6539917
395.35,380.09116,15.25885
402.0,386.5572,15.44281
402.85,394.63184,8.21817
406.25003,400.59467,5.655365
419.85,404.7736,15.076416
409.2,411.68768,2.487671
408.75003,413.23346,4.483429
409.55,411.87936,2.3293762
408.45,410.12683,1.6768188
404.40002,408.3997,3.9996643
396.75,405.765,9.015015
398.25,400.85422,2.6042175
401.15,397.362,3.7879944
402.45,396.79984,5.650177
412.1,398.08646,14.01355
386.6,403.2232,16.6232
383.15002,398.51376,15.363739
381.95,390.3598,8.40979
375.35,383.44934,8.099335
367.6,377.0944,9.494385
361.35,370.37915,9.029144
360.0,363.6995,3.6994934
361.85,359.11725,2.7327576
356.8,357.86865,1.0686646
371.9,356.46802,15.431976
376.95,361.57904,15.370972
375.15002,369.24265,5.907379
379.15,374.30743,4.84256
375.80002,378.05426,2.254242
373.6,378.5641,4.964081
383.7,376.75974,6.940277
372.3,378.60632,6.3063354
364.3,376.67868,12.378693
379.75,370.9123,8.8377075
379.95,371.8287,8.121307
377.55002,374.99176,2.558258
388.80002,376.8757,11.924316
380.65002,381.9241,1.2740784
375.65,383.1282,7.4782104
376.5,380.4818,3.9818115
378.25,377.67276,0.57724
370.9,376.51434,5.6143494
371.2,373.561,2.3609924
371.9,371.15118,0.7488098
368.7,370.13962,1.4396057
374.55002,368.81903,5.7309875
374.15,370.1888,3.9611816
380.19998,371.9255,8.274475
375.65,375.52396,0.1260376
377.95,376.70865,1.2413635
381.95,377.42688,4.5231323
368.05,379.23407,11.184082
370.75,375.38135,4.6313477
367.4,371.8562,4.4562073
363.4,368.47693,5.076935
362.25,364.8763,2.6263123
362.1,362.1232,0.02319336
367.8,360.7032,7.0968018
362.0,362.59018,0.59017944
362.15002,362.77002,0.6199951
358.95,362.36044,3.410431
347.4,360.67035,13.270355
342.55,354.6779,12.127899
336.8,347.53717,10.737183
345.0,340.495,4.505005
345.4,339.35574,6.0442505
358.95,340.97574,17.974274
356.8,348.44107,8.358917
352.3,354.45468,2.1546936
357.65002,355.94797,1.7020569
364.69998,357.32434,7.375641
383.25003,360.86072,22.389313
390.6,371.10043,19.499573
384.50003,382.72232,1.77771
373.0,387.98254,14.982544
374.5,384.3316,9.831604
385.75003,379.12762,6.622406
381.90002,379.52597,2.374054
385.3,380.34143,4.958557
367.05002,382.25067,15.200653
369.8,376.8117,7.0117188
370.15002,371.67233,1.5223083
367.0,368.7312,1.7312012
372.0,366.52463,5.4753723
371.40002,367.40344,3.996582
370.55,368.91385,1.6361389
368.25,369.80545,1.5554504
369.9,369.2706,0.62939453
368.95,369.07083,0.12081909
379.15,368.7131,10.43689
376.80002,372.41003,4.389984
374.9,375.308,0.40802002
383.1,376.0638,7.036194
383.85,378.88766,4.9623413
383.80002,381.69342,2.106598
378.34998,383.38065,5.03067
372.05002,381.8774,9.827393
372.3,377.2668,4.9668274
389.59998,373.2753,16.324677
388.4,377.6957,10.704285
378.7,383.15805,4.4580383
376.7,383.22186,6.5218506
383.6,380.4423,3.1577148
382.05,380.28363,1.7663574
373.7,380.58142,6.8814087
370.05002,377.70816,7.658142
370.5,373.2949,2.7948914
356.2,370.14307,13.943054
360.5,363.14282,2.6428223
361.30002,359.05344,2.246582
356.8,357.9482,1.1482239
338.55,356.6755,18.125519
326.75,348.81635,22.066345
318.45,337.1532,18.703186
310.15,325.5248,15.374817
298.6,315.26938,16.669373
295.2,305.1675,9.967499
289.0,297.7331,8.733093
295.1,291.7663,3.3337097
285.35,290.7496,5.399597
290.05,288.3574,1.6925964
291.1,288.28397,2.81604
294.0,289.46506,4.5349426
288.5,291.82916,3.3291626
287.30002,291.8369,4.5368958
285.75,290.72653,4.976532
285.9,289.0833,3.183319
315.85,287.88977,27.960236
295.55,298.2874,2.7374268
297.95,301.2676,3.3175964
294.1,301.82986,7.7298584
292.6,299.8553,7.2552795
292.35,297.1341,4.784088
293.5,294.9704,1.470398
302.05,294.1272,7.9227905
303.19998,297.14575,6.0542297
305.05,300.82928,4.220703
306.25003,304.1941,2.0559387
299.75,306.71564,6.965637
296.2,305.57748,9.377472
297.55002,302.29306,4.743042
301.3,299.90756,1.3924255
304.4,299.9861,4.4138794
332.75,301.9965,30.75351
336.85,314.87393,21.976074
331.95,328.64017,3.309845
332.7,335.7773,3.077301
327.85,338.0844,10.2344055
334.55002,335.70197,1.151947
328.15,334.9795,6.8294983
314.1,332.44907,18.34906
317.2,324.778,7.578003
313.5,319.3393,5.8392944
319.75,315.2194,4.530609
318.55002,315.4608,3.0892334
312.80002,316.7075,3.9074707
304.0,315.7627,11.762695
303.94998,311.19635,7.2463684
294.95,307.1221,12.172089
290.25,301.38568,11.135681
305.55002,295.5455,10.004517
303.1,297.3399,5.7601013
319.25003,300.15924,19.09079
315.2,308.64435,6.555664
317.80002,314.55215,3.2478638
322.7,318.53525,4.1647644
316.55002,322.24045,5.6904297
307.90002,322.00198,14.101959
309.1,317.12592,8.025909
320.45,312.84244,7.6075745
316.7,314.50757,2.1924438
316.55002,316.12823,0.42178345
312.5,317.15057,4.6505737
319.5,316.0619,3.4381104
312.65,317.33047,4.680481
313.5,316.29013,2.7901306
322.44998,315.19684,7.2531433
324.94998,317.8806,7.0693665
329.25,321.84375,7.40625
334.5,326.50656,7.9934387
337.30002,331.74878,5.551239
335.1,336.3122,1.2121887
331.6,337.99274,6.3927307
337.75,336.56473,1.1852722
333.95,336.87402,2.9240112
332.05002,336.10095,4.050934
311.15002,334.4535,23.303467
311.35,325.083,13.733002
304.85,316.69305,11.843048
303.7,309.29068,5.5906677
301.65,304.54895,2.8989563
307.50003,301.72305,5.7769775
305.15,302.83624,2.3137512
307.85,304.1146,3.7354126
303.7,306.16382,2.4638062
306.4,306.25354,0.14645386
311.85004,306.734,5.116028
306.55002,309.2268,2.6767883
308.19998,309.49,1.2900085
308.75,309.55792,0.80792236
311.15002,309.705,1.4450378
313.25,310.71274,2.537262
312.2,312.4275,0.22747803
311.25,313.3527,2.1026917
310.55002,313.30682,2.7568054
300.80002,312.6594,11.859375
304.6,308.36093,3.7609253
302.55,305.82343,3.2734375
303.7,303.975,0.2749939
309.0,303.4769,5.523102
309.90002,305.6246,4.275421
313.85,308.2777,5.572296
317.25,311.71518,5.5348206
315.45,315.50027,0.05026245
320.15,317.3276,2.8223877
318.05,319.59964,1.5496521
307.65,320.3078,12.657806
307.85,316.20767,8.357666
309.4,312.03262,2.6326294
307.65,309.8583,2.208313
308.7,308.46844,0.23156738
333.8,308.27374,25.526245
351.8,318.23593,33.564056
337.75,335.43103,2.3189697
342.4,343.29123,0.89123535
337.7,346.66284,8.96283
330.6,345.0811,14.481079
336.75,339.38776,2.6377563
334.0,336.61337,2.6133728
331.55002,334.71967,3.1696472
327.0,332.86093,5.8609314
327.80002,329.95108,2.151062
322.5,328.09293,5.592926
329.94998,325.28165,4.668335
333.1,326.10455,6.995453
340.80002,329.15015,11.649872
356.45,334.94437,21.505646
350.0,345.83032,4.1696777
356.8,351.88275,4.9172363
356.65,356.54575,0.10424805
354.95,358.73984,3.7898254
351.6,358.39838,6.7983704
340.0,355.8215,15.821503
346.35,348.79468,2.4446716
341.95,345.21844,3.2684326
347.7,342.47937,5.220642
348.75,343.3375,5.412506
346.95,345.617,1.3330078
349.4,346.9065,2.4934998
316.5,348.36148,31.86148
324.5,336.59656,12.096558
328.5,327.76773,0.7322693
325.45,324.72137,0.7286377
320.30002,323.68762,3.3876038
324.2,321.8757,2.3243103
331.45,322.07568,9.374329
333.45,325.7873,7.6627197
324.94998,330.2277,5.27771
324.5,330.0231,5.523102
315.45,328.13126,12.681244
324.1,322.85583,1.2441711
318.65002,321.6587,3.008667
336.6,320.17773,16.422272
331.25,326.1363,5.1137085
325.2,330.43094,5.2309265
328.45,330.2635,1.8134766
340.1,329.8547,10.2453
330.65,334.00412,3.354126
335.15,334.465,0.68499756
338.8,335.21152,3.5884705
353.2,337.14392,16.056091
349.5,344.425,5.075012
345.6,349.38477,3.7847595
338.8,350.0564,11.256409
346.69998,346.18704,0.51293945
348.8,345.15344,3.6465454
352.75,346.2734,6.476593
352.4,349.27258,3.127411
353.80002,351.6643,2.1357117
357.1,353.4703,3.6296997
363.44998,355.65182,7.7981567
363.25,359.6117,3.6383057
359.9,362.5997,2.699707
363.75,362.73288,1.0171204
353.30002,363.2137,9.913696
344.0,359.50143,15.501434
345.15,352.01215,6.862152
341.09998,346.41016,5.3101807
348.55,342.0336,6.516388
343.8,342.68466,1.1153259
345.1,343.10135,1.9986572
348.59998,343.8874,4.7125854
345.55,345.9506,0.40060425
348.65,346.5445,2.1054993
346.65,347.6336,0.98361206
348.49997,347.70294,0.7970276
353.6,348.10025,5.499756
353.2,350.45386,2.7461548
362.75003,352.4531,10.296936
364.8,357.32016,7.479828
356.40002,362.16943,5.769409
362.3,361.8288,0.4711914
358.55,361.9654,3.4154053
360.75,360.69342,0.05657959
356.1,360.19592,4.0959167
350.6,358.31207,7.7120667
350.75,354.4696,3.7196045
346.25,351.42133,5.1713257
342.5,348.072,5.571991
339.94998,344.4568,4.5068054
342.55,341.16562,1.3843689
343.59998,340.29623,3.3037415
338.9,341.0919,2.1918945
339.0,340.42007,1.4200745
334.9,339.58545,4.6854553
334.55002,337.4474,2.8973694
345.75,335.5518,10.198212
337.6,338.8473,1.2472839
323.9,339.57986,15.679871
343.55,333.86743,9.682556
357.7,335.6612,22.038818
368.44998,345.02374,23.426239
366.1,357.96207,8.137939
372.15,366.36023,5.7897644
371.15,372.19424,1.0442505
351.65,374.32596,22.675964
361.2,366.54062,5.3406067
361.55,361.5868,0.0368042
361.0,359.5921,1.407898
358.05,359.17633,1.1263428
354.9,358.33374,3.4337463
352.75,356.44305,3.6930542
356.40002,354.0776,2.3224182
360.65,353.89465,6.7553406
348.30002,356.28012,7.9801025
345.80002,353.89474,8.094727
343.50003,349.74225,6.242218
346.8,345.64255,1.1574402
336.85,344.41586,7.565857
345.7,340.84164,4.858368
347.7,341.2844,6.415619
349.25,343.82318,5.426819
356.45,346.84073,9.609283
